{"cameraMode":{"drawMode":0,"name":"Shaded","section":"Shading Mode"},"sceneLighting":true,"audioPlay":false,"sceneViewState":{"m_AlwaysRefresh":false,"showFog":true,"showSkybox":true,"showFlares":true,"showImageEffects":true,"showParticleSystems":true,"showVisualEffectGraphs":true,"m_FxEnabled":true},"in2DMode":false,"pivot":{"x":172.56959533691407,"y":-20.00779914855957,"z":1.645403265953064},"rotation":{"x":-0.059916917234659198,"y":-0.7003840804100037,"z":0.059174489229917529,"w":-0.7088153958320618},"size":100.18345642089844,"orthographic":false}